{
    "loss": 7.670180797576904,
    "accuracy": 0.4767167270183563,
    "precision": 0.4767167270183563,
    "recall": 0.4767167270183563,
    "auc": 0.7349566221237183
}