{
    "loss": 13.73849868774414,
    "accuracy": 0.36592742800712585,
    "precision": 0.36592742800712585,
    "recall": 0.36592742800712585,
    "auc": 0.685799777507782,
    "traning_time_in_seconds": 157.11933279037476
}